probe-key-000,0,1,true
probe-key-001,0,1,true
probe-key-002,0,1,true
probe-key-003,0,1,true
probe-key-004,0,1,true
probe-key-005,0,1,true
probe-key-006,0,1,true
probe-key-007,0,1,true
probe-key-008,0,1,true
probe-key-009,0,1,true
probe-key-010,0,1,true
probe-key-011,0,1,true
probe-key-012,0,1,true
probe-key-013,0,1,true
probe-key-014,0,1,true
probe-key-015,0,1,true
probe-key-016,0,1,true
probe-key-017,0,1,true
probe-key-018,0,1,true
probe-key-019,0,1,true
probe-key-020,0,1,true
probe-key-021,0,1,true
probe-key-022,0,1,true
probe-key-023,0,1,true
probe-key-024,0,1,true
probe-key-025,0,1,true
probe-key-026,0,1,true
probe-key-027,0,1,true
probe-key-028,0,1,true
probe-key-029,0,1,true
probe-key-030,0,1,true
probe-key-031,0,1,true
probe-key-032,0,1,true
probe-key-033,0,1,true
probe-key-034,0,1,true
probe-key-035,0,1,true
probe-key-036,0,1,true
probe-key-037,0,1,true
probe-key-038,0,1,true
probe-key-039,0,1,true
probe-key-040,0,1,true
probe-key-041,0,1,true
probe-key-042,0,1,true
probe-key-043,0,1,true
probe-key-044,0,1,true
probe-key-045,0,1,true
probe-key-046,0,1,true
probe-key-047,0,1,true
probe-key-048,0,1,true
probe-key-049,0,1,true
probe-key-050,0,1,true
probe-key-051,0,1,true
probe-key-052,0,1,true
probe-key-053,0,1,true
probe-key-054,0,1,true
probe-key-055,0,1,true
probe-key-056,0,1,true
probe-key-057,0,1,true
probe-key-058,0,1,true
probe-key-059,0,1,true
probe-key-060,0,1,true
probe-key-061,0,1,true
probe-key-062,0,1,true
probe-key-063,0,1,true
