key,shard_id,epoch,target_node_id,status,local_admission
probe-key-000,0,1,node-a,routable,true
probe-key-001,0,1,node-a,routable,true
probe-key-002,0,1,node-a,routable,true
probe-key-003,0,1,node-a,routable,true
probe-key-004,0,1,node-a,routable,true
probe-key-005,0,1,node-a,routable,true
probe-key-006,0,1,node-a,routable,true
probe-key-007,0,1,node-a,routable,true
probe-key-008,0,1,node-a,routable,true
probe-key-009,0,1,node-a,routable,true
probe-key-010,0,1,node-a,routable,true
probe-key-011,0,1,node-a,routable,true
probe-key-012,0,1,node-a,routable,true
probe-key-013,0,1,node-a,routable,true
probe-key-014,0,1,node-a,routable,true
probe-key-015,0,1,node-a,routable,true
probe-key-016,0,1,node-a,routable,true
probe-key-017,0,1,node-a,routable,true
probe-key-018,0,1,node-a,routable,true
probe-key-019,0,1,node-a,routable,true
probe-key-020,0,1,node-a,routable,true
probe-key-021,0,1,node-a,routable,true
probe-key-022,0,1,node-a,routable,true
probe-key-023,0,1,node-a,routable,true
probe-key-024,0,1,node-a,routable,true
probe-key-025,0,1,node-a,routable,true
probe-key-026,0,1,node-a,routable,true
probe-key-027,0,1,node-a,routable,true
probe-key-028,0,1,node-a,routable,true
probe-key-029,0,1,node-a,routable,true
probe-key-030,0,1,node-a,routable,true
probe-key-031,0,1,node-a,routable,true
